,n=,Run Time All in s,Run Time Matching in s,Run Time Pref in s
0,100,0.045974,0.025137,0.020837
1,200,0.292068,0.179249,0.112819
2,400,1.817957,1.138755,0.679202
3,600,5.748918,3.750613,1.998305
4,800,12.976047,8.604895,4.371152
5,1000,24.850511,16.830439,8.020072
6,2000,188.846239,132.465322,56.380917
7,4000,1455.535193,1037.914509,417.620684
8,6000,4924.88207,3538.762456,1386.119614
9,8000,11445.86543,8211.196853,3234.66858
10,10000,23168.23958,16937.50433,6230.735242